FirstResponse,FinalResponse
Editors/Journals not being cooperative,Editors/Journals not being cooperative
I have made no attempts,I have made no attempts
I have made no attempts,I have made no attempts
I have made no attempts,I have made no attempts
I have made no attempts,I have made no attempts
I have made no attempts,I have made no attempts
I have made no attempts,I have made no attempts
I have made no attempts,I have made no attempts
I have made no attempts,I have made no attempts
I have made no attempts,I have made no attempts
I have made no attempts,I have made no attempts
I have made no attempts,I have made no attempts
I have made no attempts,I have made no attempts
I have made no attempts,I have made no attempts
Unclear how to proceed,Unclear how to proceed
Editors/Journals not being cooperative,Editors/Journals not being cooperative
I have made no attempts,I have made no attempts
I have made no attempts,I have made no attempts
I have made no attempts,I have made no attempts
I have made no attempts,I have made no attempts
I have made no attempts,I have made no attempts
Editors/Journals not being cooperative,Editors/Journals not being cooperative
I have made no attempts,I have made no attempts
I have made no attempts,I have made no attempts
I have made no attempts,I have made no attempts
I have made no attempts,I have made no attempts
no answer form the journal ,Editors/Journals not being cooperative
I have made no attempts,I have made no attempts
I have made no attempts,I have made no attempts
I have made no attempts,I have made no attempts
I have made no attempts,I have made no attempts
I have made no attempts,I have made no attempts
I have made no attempts,I have made no attempts
I have made no attempts,I have made no attempts
I have made no attempts,I have made no attempts
I have made no attempts,I have made no attempts
I have made no attempts,I have made no attempts
I have made no attempts,I have made no attempts
I have made no attempts,I have made no attempts
Time consuming,Time consuming
Unclear how to proceed,Unclear how to proceed
I have made no attempts,I have made no attempts
I have made no attempts,I have made no attempts
I have made no attempts,I have made no attempts
I have made no attempts,I have made no attempts
I have made no attempts,I have made no attempts
Editors/Journals not being cooperative,Editors/Journals not being cooperative
I have made no attempts,I have made no attempts
I have made no attempts,I have made no attempts
I have made no attempts,I have made no attempts
Scorn of peers,Scorn of peers
I have made no attempts,I have made no attempts
I have made no attempts,I have made no attempts
I have made no attempts,I have made no attempts
I have made no attempts,I have made no attempts
I have made no attempts,I have made no attempts
I have made no attempts,I have made no attempts
I have made no attempts,I have made no attempts
I have made no attempts,I have made no attempts
Time consuming,Time consuming
I have made no attempts,I have made no attempts
Editors/Journals not being cooperative,Editors/Journals not being cooperative
I have made no attempts,I have made no attempts
I have made no attempts,I have made no attempts
I have made no attempts,I have made no attempts
I have made no attempts,I have made no attempts
I have made no attempts,I have made no attempts
I have made no attempts,I have made no attempts
I have made no attempts,I have made no attempts
I have made no attempts,I have made no attempts
I have made no attempts,I have made no attempts
I have made no attempts,I have made no attempts
I have made no attempts,I have made no attempts
I have made no attempts,I have made no attempts
I have made no attempts,I have made no attempts
I have made no attempts,I have made no attempts
I have made no attempts,I have made no attempts
Editors/Journals not being cooperative,Editors/Journals not being cooperative
I have made no attempts,I have made no attempts
I have made no attempts,I have made no attempts
Time consuming,Time consuming
I have made no attempts,I have made no attempts
I have made no attempts,I have made no attempts
I have made no attempts,I have made no attempts
I have made no attempts,I have made no attempts
I have made no attempts,I have made no attempts
I have made no attempts,I have made no attempts
I have made no attempts,I have made no attempts
I have made no attempts,I have made no attempts
I have made no attempts,I have made no attempts
I have made no attempts,I have made no attempts
I have made no attempts,I have made no attempts
I have made no attempts,I have made no attempts
I have made no attempts,I have made no attempts
I have made no attempts,I have made no attempts
I have made no attempts,I have made no attempts
I have made no attempts,I have made no attempts
I have made no attempts,I have made no attempts
I have made no attempts,I have made no attempts
Editors/Journals not being cooperative,Editors/Journals not being cooperative
I have made no attempts,I have made no attempts
I have made no attempts,I have made no attempts
I have made no attempts,I have made no attempts
I have made no attempts,I have made no attempts
I have made no attempts,I have made no attempts
I have made no attempts,I have made no attempts
